{
    "1": {
        "name": "응애고래",
        "image_url": "https://growup-whale.s3.ap-northeast-2.amazonaws.com/level1______-removebg-preview_480-removebg-preview.png"

    },
    "2": {
        "blog": [
            {
                "name": "뉴비고래",
                "image_url": "https://growup-whale.s3.ap-northeast-2.amazonaws.com/blog1.png"
            }
        ],
        "algorithm": [
            {
                "name": "우왕고래",
                "image_url": "https://growup-whale.s3.ap-northeast-2.amazonaws.com/al1.png"
            }
        ],
        "main": [
            {
                "name": "닌자고래",
                "image_url": "https://growup-whale.s3.ap-northeast-2.amazonaws.com/main1.png"
            }
        ],
        "cs": [
            {
                "name": "꼬맹쓰고래",
                "image_url": "https://growup-whale.s3.ap-northeast-2.amazonaws.com/cs1.png"
            }
        ]
    },
    "3": {
        "blog": [
            {
                "name": "룰루고래",
                "image_url": "https://growup-whale.s3.ap-northeast-2.amazonaws.com/blog2.png"
            }
        ],
        "algorithm": [
            {
                "name": "퍼즐킹고래",
                "image_url": "https://growup-whale.s3.ap-northeast-2.amazonaws.com/al2.png"
            }
        ],
        "main": [
            {
                "name": "고단백고래",
                "image_url": "https://growup-whale.s3.ap-northeast-2.amazonaws.com/main2.png"
            }
        ],
        "cs": [
            {
                "name": "꼬마고래",
                "image_url": "https://growup-whale.s3.ap-northeast-2.amazonaws.com/cs2.png"
            }
        ]
    },
    "4": {
        "blog": [
            {
                "name": "문지기고래",
                "image_url": "https://growup-whale.s3.ap-northeast-2.amazonaws.com/blog3.png"
            }
        ],
        "algorithm": [
            {
                "name": "고래고래",
                "image_url": "https://growup-whale.s3.ap-northeast-2.amazonaws.com/al3.png"
            }
        ],
        "main": [
            {
                "name": "쇼미더고래",
                "image_url": "https://growup-whale.s3.ap-northeast-2.amazonaws.com/main3.png"
            }
        ],
        "cs": [
            {
                "name": "덕후고래",
                "image_url": "https://growup-whale.s3.ap-northeast-2.amazonaws.com/cs3.png"
            }
        ]
    },
    "5": {
        "blog": [
            {
                "name": "전사고래",
                "image_url": "https://growup-whale.s3.ap-northeast-2.amazonaws.com/blog4.png"
            }
        ],
        "algorithm": [
            {
                "name": "코드마스터",
                "image_url": "https://growup-whale.s3.ap-northeast-2.amazonaws.com/al4.png"
            }
        ],
        "main": [
            {
                "name": "레전드고래",
                "image_url": "https://growup-whale.s3.ap-northeast-2.amazonaws.com/main4.png"
            }
        ],
        "cs": [
            {
                "name": "장인고래",
                "image_url": "https://growup-whale.s3.ap-northeast-2.amazonaws.com/cs4.png"
            }
        ]
    }
}
